Workbook

Sheet 参数总表
A1: 俱乐部差异化参数完整表 V1
A2: 2026/27静态快照 · 366家俱乐部 · 本表为审核数据，尚未接入游戏代码
A4: 序号 | B4: club_id | C4: 国家/地区 | D4: 联赛 | E4: 级别 | F4: 俱乐部 | G4: 平台档 | H4: 设施 | I4: 青训 | J4: 工资 | K4: 曝光 | L4: 一线队门槛 | M4: 年轻球员倾向 | N4: 青年训练质量 | O4: 一线队训练质量 | P4: 特征标签 | Q4: 生成方式 | R4: 来源ID
A5: 1 | B5: eng1_arsenal | C5: 英格兰 | D5: Premier League（20） | E5: 1 | F5: Arsenal | G5: 1 | H5: 96 | I5: 94 | J5: 98 | K5: 98 | L5: 87 | M5: 86 | N5: =ROUND(H5*35%+I5*45%+VLOOKUP(G5,规则与说明!$A$6:$B$11,2,FALSE)*20%,1) -> 94.7 | O5: =ROUND(H5*45%+I5*10%+VLOOKUP(G5,规则与说明!$A$6:$B$11,2,FALSE)*45%,1) -> 94.9 | P5: 顶级设施／精英青训／高工资／高曝光／高门槛 | Q5: 人工复核 | R5: SRC-ENG-PL
A6: 2 | B6: eng1_chelsea | C6: 英格兰 | D6: Premier League（20） | E6: 1 | F6: Chelsea | G6: 1 | H6: 98 | I6: 94 | J6: 98 | K6: 98 | L6: 89 | M6: 82 | N6: =ROUND(H6*35%+I6*45%+VLOOKUP(G6,规则与说明!$A$6:$B$11,2,FALSE)*20%,1) -> 95.4 | O6: =ROUND(H6*45%+I6*10%+VLOOKUP(G6,规则与说明!$A$6:$B$11,2,FALSE)*45%,1) -> 95.8 | P6: 顶级设施／精英青训／高工资／高曝光／高门槛 | Q6: 人工复核 | R6: SRC-ENG-PL
A7: 3 | B7: eng1_liverpool | C7: 英格兰 | D7: Premier League（20） | E7: 1 | F7: Liverpool | G7: 1 | H7: 98 | I7: 91 | J7: 98 | K7: 98 | L7: 87 | M7: 76 | N7: =ROUND(H7*35%+I7*45%+VLOOKUP(G7,规则与说明!$A$6:$B$11,2,FALSE)*20%,1) -> 94.1 | O7: =ROUND(H7*45%+I7*10%+VLOOKUP(G7,规则与说明!$A$6:$B$11,2,FALSE)*45%,1) -> 95.5 | P7: 顶级设施／精英青训／高工资／高曝光／高门槛 | Q7: 人工复核 | R7: SRC-ENG-PL
A8: 4 | B8: eng1_manchester_city | C8: 英格兰 | D8: Premier League（20） | E8: 1 | F8: Manchester City | G8: 1 | H8: 98 | I8: 95 | J8: 98 | K8: 98 | L8: 87 | M8: 80 | N8: =ROUND(H8*35%+I8*45%+VLOOKUP(G8,规则与说明!$A$6:$B$11,2,FALSE)*20%,1) -> 95.9 | O8: =ROUND(H8*45%+I8*10%+VLOOKUP(G8,规则与说明!$A$6:$B$11,2,FALSE)*45%,1) -> 95.9 | P8: 顶级设施／精英青训／高工资／高曝光／高门槛 | Q8: 人工复核 | R8: SRC-ENG-PL
A9: 5 | B9: eng1_manchester_united | C9: 英格兰 | D9: Premier League（20） | E9: 1 | F9: Manchester United | G9: 1 | H9: 98 | I9: 93 | J9: 98 | K9: 98 | L9: 87 | M9: 78 | N9: =ROUND(H9*35%+I9*45%+VLOOKUP(G9,规则与说明!$A$6:$B$11,2,FALSE)*20%,1) -> 95 | O9: =ROUND(H9*45%+I9*10%+VLOOKUP(G9,规则与说明!$A$6:$B$11,2,FALSE)*45%,1) -> 95.7 | P9: 顶级设施／精英青训／高工资／高曝光／高门槛 | Q9: 人工复核 | R9: SRC-ENG-PL
A10: 6 | B10: eng1_aston_villa | C10: 英格兰 | D10: Premier League（20） | E10: 1 | F10: Aston Villa | G10: 2 | H10: 89 | I10: 87 | J10: 90 | K10: 95 | L10: 84 | M10: 66 | N10: =ROUND(H10*35%+I10*45%+VLOOKUP(G10,规则与说明!$A$6:$B$11,2,FALSE)*20%,1) -> 87.7 | O10: =ROUND(H10*45%+I10*10%+VLOOKUP(G10,规则与说明!$A$6:$B$11,2,FALSE)*45%,1) -> 87.9 | P10: 高工资／高曝光／高门槛 | Q10: 规则生成 | R10: SRC-ENG-PL
A11: 7 | B11: eng1_newcastle_united | C11: 英格兰 | D11: Premier League（20） | E11: 1 | F11: Newcastle United | G11: 2 | H11: 93 | I11: 88 | J11: 91 | K11: 90 | L11: 83 | M11: 68 | N11: =ROUND(H11*35%+I11*45%+VLOOKUP(G11,规则与说明!$A$6:$B$11,2,FALSE)*20%,1) -> 89.6 | O11: =ROUND(H11*45%+I11*10%+VLOOKUP(G11,规则与说明!$A$6:$B$11,2,FALSE)*45%,1) -> 89.8 | P11: 顶级设施／高工资／高曝光／高门槛 | Q11: 规则生成 | R11: SRC-ENG-PL
A12: 8 | B12: eng1_tottenham_hotspur | C12: 英格兰 | D12: Premier League（20） | E12: 1 | F12: Tottenham Hotspur | G12: 2 | H12: 93 | I12: 89 | J12: 91 | K12: 90 | L12: 82 | M12: 66 | N12: =ROUND(H12*35%+I12*45%+VLOOKUP(G12,规则与说明!$A$6:$B$11,2,FALSE)*20%,1) -> 90 | O12: =ROUND(H12*45%+I12*10%+VLOOKUP(G12,规则与说明!$A$6:$B$11,2,FALSE)*45%,1) -> 89.9 | P12: 顶级设施／高工资／高曝光／高门槛 | Q12: 规则生成 | R12: SRC-ENG-PL
A13: 9 | B13: eng1_afc_bournemouth | C13: 英格兰 | D13: Premier League（20） | E13: 1 | F13: AFC Bournemouth | G13: 3 | H13: 86 | I13: 77 | J13: 79 | K13: 82 | L13: 78 | M13: 66 | N13: =ROUND(H13*35%+I13*45%+VLOOKUP(G13,规则与说明!$A$6:$B$11,2,FALSE)*20%,1) -> 80.6 | O13: =ROUND(H13*45%+I13*10%+VLOOKUP(G13,规则与说明!$A$6:$B$11,2,FALSE)*45%,1) -> 82 | P13: 均衡平台 | Q13: 规则生成 | R13: SRC-ENG-PL
A14: 10 | B14: eng1_brentford | C14: 英格兰 | D14: Premier League（20） | E14: 1 | F14: Brentford | G14: 3 | H14: 83 | I14: 81 | J14: 80 | K14: 82 | L14: 79 | M14: 68 | N14: =ROUND(H14*35%+I14*45%+VLOOKUP(G14,规则与说明!$A$6:$B$11,2,FALSE)*20%,1) -> 81.3 | O14: =ROUND(H14*45%+I14*10%+VLOOKUP(G14,规则与说明!$A$6:$B$11,2,FALSE)*45%,1) -> 81 | P14: 均衡平台 | Q14: 规则生成 | R14: SRC-ENG-PL
A15: 11 | B15: eng1_brighton_and_hove_albion | C15: 英格兰 | D15: Premier League（20） | E15: 1 | F15: Brighton & Hove Albion | G15: 3 | H15: 86 | I15: 86 | J15: 88 | K15: 91 | L15: 77 | M15: 84 | N15: =ROUND(H15*35%+I15*45%+VLOOKUP(G15,规则与说明!$A$6:$B$11,2,FALSE)*20%,1) -> 84.6 | O15: =ROUND(H15*45%+I15*10%+VLOOKUP(G15,规则与说明!$A$6:$B$11,2,FALSE)*45%,1) -> 82.9 | P15: 高工资／高曝光 | Q15: 人工复核 | R15: SRC-ENG-PL
A16: 12 | B16: eng1_crystal_palace | C16: 英格兰 | D16: Premier League（20） | E16: 1 | F16: Crystal Palace | G16: 3 | H16: 82 | I16: 81 | J16: 76 | K16: 84 | L16: 80 | M16: 66 | N16: =ROUND(H16*35%+I16*45%+VLOOKUP(G16,规则与说明!$A$6:$B$11,2,FALSE)*20%,1) -> 81 | O16: =ROUND(H16*45%+I16*10%+VLOOKUP(G16,规则与说明!$A$6:$B$11,2,FALSE)*45%,1) -> 80.6 | P16: 均衡平台 | Q16: 规则生成 | R16: SRC-ENG-PL
... A90: 86 | B90: esp2_sabadell | C90: 西班牙 | D90: LaLiga Hypermotion（22） | E90: 2 | F90: Sabadell | G90: 6 | H90: 50 | I90: 51 | J90: 34 | K90: 36 | L90: 56 | M90: 92 | N90: =ROUND(H90*35%+I90*45%+VLOOKUP(G90,规则与说明!$A$6:$B$11,2,FALSE)*20%,1) -> 50.5 | O90: =ROUND(H90*45%+I90*10%+VLOOKUP(G90,规则与说明!$A$6:$B$11,2,FALSE)*45%,1) -> 50.1 | P90: 重用新人／低门槛 | Q90: 规则生成 | R90: SRC-ESP-L2
A91: 87 | B91: ita1_inter | C91: 意大利 | D91: Serie A（20） | E91: 1 | F91: Inter | G91: 1 | H91: 99 | I91: 95 | J91: 95 | K91: 98 | L91: 86 | M91: 70 | N91: 97 | O91: 98 | P91: 顶级设施／高工资／高曝光／高门槛 | Q91: 人工复核 | R91: SRC-ITA-A
A92: 88 | B92: ita1_ac_milan | C92: 意大利 | D92: Serie A（20） | E92: 1 | F92: AC Milan | G92: 1 | H92: 98 | I92: 89 | J92: 96 | K92: 98 | L92: 86 | M92: 66 | N92: =ROUND(H92*35%+I92*45%+VLOOKUP(G92,规则与说明!$A$6:$B$11,2,FALSE)*20%,1) -> 93.2 | O92: =ROUND(H92*45%+I92*10%+VLOOKUP(G92,规则与说明!$A$6:$B$11,2,FALSE)*45%,1) -> 95.3 | P92: 顶级设施／高工资／高曝光／高门槛 | Q92: 人工复核 | R92: SRC-ITA-A
A93: 89 | B93: ita1_juventus | C93: 意大利 | D93: Serie A（20） | E93: 1 | F93: Juventus | G93: 1 | H93: 97 | I93: 91 | J93: 95 | K93: 96 | L93: 85 | M93: 60 | N93: =ROUND(H93*35%+I93*45%+VLOOKUP(G93,规则与说明!$A$6:$B$11,2,FALSE)*20%,1) -> 93.7 | O93: =ROUND(H93*45%+I93*10%+VLOOKUP(G93,规则与说明!$A$6:$B$11,2,FALSE)*45%,1) -> 95.1 | P93: 顶级设施／精英青训／高工资／高曝光／高门槛 | Q93: 人工复核 | R93: SRC-ITA-A
A94: 90 | B94: ita1_atalanta | C94: 意大利 | D94: Serie A（20） | E94: 1 | F94: Atalanta | G94: 2 | H94: 91 | I94: 91 | J94: 81 | K94: 87 | L94: 80 | M94: 87 | N94: =ROUND(H94*35%+I94*45%+VLOOKUP(G94,规则与说明!$A$6:$B$11,2,FALSE)*20%,1) -> 90.2 | O94: =ROUND(H94*45%+I94*10%+VLOOKUP(G94,规则与说明!$A$6:$B$11,2,FALSE)*45%,1) -> 89.2 | P94: 顶级设施／精英青训 | Q94: 人工复核 | R94: SRC-ITA-A
A95: 91 | B95: ita1_napoli | C95: 意大利 | D95: Serie A（20） | E95: 1 | F95: Napoli | G95: 2 | H95: 91 | I95: 86 | J95: 80 | K95: 85 | L95: 82 | M95: 71 | N95: =ROUND(H95*35%+I95*45%+VLOOKUP(G95,规则与说明!$A$6:$B$11,2,FALSE)*20%,1) -> 88 | O95: =ROUND(H95*45%+I95*10%+VLOOKUP(G95,规则与说明!$A$6:$B$11,2,FALSE)*45%,1) -> 88.7 | P95: 顶级设施／高门槛 | Q95: 规则生成 | R95: SRC-ITA-A
A96: 92 | B96: ita1_roma | C96: 意大利 | D96: Serie A（20） | E96: 1 | F96: Roma | G96: 2 | H96: 90 | I96: 89 | J96: 85 | K96: 91 | L96: 82 | M96: 79 | N96: =ROUND(H96*35%+I96*45%+VLOOKUP(G96,规则与说明!$A$6:$B$11,2,FALSE)*20%,1) -> 89 | O96: =ROUND(H96*45%+I96*10%+VLOOKUP(G96,规则与说明!$A$6:$B$11,2,FALSE)*45%,1) -> 88.6 | P96: 顶级设施／高工资／高曝光／高门槛 | Q96: 人工复核 | R96: SRC-ITA-A
A97: 93 | B97: ita1_como | C97: 意大利 | D97: Serie A（20） | E97: 1 | F97: Como | G97: 2 | H97: 88 | I97: 76 | J97: 78 | K97: 82 | L97: 80 | M97: 80 | N97: =ROUND(H97*35%+I97*45%+VLOOKUP(G97,规则与说明!$A$6:$B$11,2,FALSE)*20%,1) -> 82.4 | O97: =ROUND(H97*45%+I97*10%+VLOOKUP(G97,规则与说明!$A$6:$B$11,2,FALSE)*45%,1) -> 86.4 | P97: 均衡平台 | Q97: 人工复核 | R97: SRC-ITA-A
A98: 94 | B98: ita1_bologna | C98: 意大利 | D98: Serie A（20） | E98: 1 | F98: Bologna | G98: 3 | H98: 82 | I98: 78 | J98: 72 | K98: 78 | L98: 76 | M98: 65 | N98: =ROUND(H98*35%+I98*45%+VLOOKUP(G98,规则与说明!$A$6:$B$11,2,FALSE)*20%,1) -> 79.6 | O98: =ROUND(H98*45%+I98*10%+VLOOKUP(G98,规则与说明!$A$6:$B$11,2,FALSE)*45%,1) -> 80.3 | P98: 均衡平台 | Q98: 人工复核 | R98: SRC-ITA-A
A99: 95 | B99: ita1_fiorentina | C99: 意大利 | D99: Serie A（20） | E99: 1 | F99: Fiorentina | G99: 3 | H99: 85 | I99: 79 | J99: 71 | K99: 81 | L99: 76 | M99: 67 | N99: =ROUND(H99*35%+I99*45%+VLOOKUP(G99,规则与说明!$A$6:$B$11,2,FALSE)*20%,1) -> 81.1 | O99: =ROUND(H99*45%+I99*10%+VLOOKUP(G99,规则与说明!$A$6:$B$11,2,FALSE)*45%,1) -> 81.7 | P99: 均衡平台 | Q99: 规则生成 | R99: SRC-ITA-A
A100: 96 | B100: ita1_lazio | C100: 意大利 | D100: Serie A（20） | E100: 1 | F100: Lazio | G100: 3 | H100: 82 | I100: 76 | J100: 73 | K100: 81 | L100: 77 | M100: 72 | N100: =ROUND(H100*35%+I100*45%+VLOOKUP(G100,规则与说明!$A$6:$B$11,2,FALSE)*20%,1) -> 78.7 | O100: =ROUND(H100*45%+I100*10%+VLOOKUP(G100,规则与说明!$A$6:$B$11,2,FALSE)*45%,1) -> 80.1 | P100: 均衡平台 | Q100: 规则生成 | R100: SRC-ITA-A
A101: 97 | B101: ita1_torino | C101: 意大利 | D101: Serie A（20） | E101: 1 | F101: Torino | G101: 3 | H101: 85 | I101: 81 | J101: 75 | K101: 84 | L101: 78 | M101: 68 | N101: =ROUND(H101*35%+I101*45%+VLOOKUP(G101,规则与说明!$A$6:$B$11,2,FALSE)*20%,1) -> 82 | O101: =ROUND(H101*45%+I101*10%+VLOOKUP(G101,规则与说明!$A$6:$B$11,2,FALSE)*45%,1) -> 81.9 | P101: 均衡平台 | Q101: 规则生成 | R101: SRC-ITA-A
A102: 98 | B102: ita1_cagliari | C102: 意大利 | D102: Serie A（20） | E102: 1 | F102: Cagliari | G102: 4 | H102: 73 | I102: 69 | J102: 59 | K102: 67 | L102: 71 | M102: 73 | N102: =ROUND(H102*35%+I102*45%+VLOOKUP(G102,规则与说明!$A$6:$B$11,2,FALSE)*20%,1) -> 70.6 | O102: =ROUND(H102*45%+I102*10%+VLOOKUP(G102,规则与说明!$A$6:$B$11,2,FALSE)*45%,1) -> 71.3 | P102: 均衡平台 | Q102: 规则生成 | R102: SRC-ITA-A
A103: 99 | B103: ita1_frosinone | C103: 意大利 | D103: Serie A（20） | E103: 1 | F103: Frosinone | G103: 4 | H103: 77 | I103: 67 | J103: 61 | K103: 72 | L103: 69 | M103: 72 | N103: =ROUND(H103*35%+I103*45%+VLOOKUP(G103,规则与说明!$A$6:$B$11,2,FALSE)*20%,1) -> 71.1 | O103: =ROUND(H103*45%+I103*10%+VLOOKUP(G103,规则与说明!$A$6:$B$11,2,FALSE)*45%,1) -> 72.9 | P103: 均衡平台 | Q103: 规则生成 | R103: SRC-ITA-A
... A370: 366 | B370: chn2_hohhot_qingcheng | C370: 中国 | D370: 中国次级联赛（16） | E370: 2 | F370: 呼和浩特青城 | G370: 6 | H370: 52 | I370: 49 | J370: 35 | K370: 38 | L370: 55 | M370: 87 | N370: =ROUND(H370*35%+I370*45%+VLOOKUP(G370,规则与说明!$A$6:$B$11,2,FALSE)*20%,1) -> 50.3 | O370: =ROUND(H370*45%+I370*10%+VLOOKUP(G370,规则与说明!$A$6:$B$11,2,FALSE)*45%,1) -> 50.8 | P370: 低门槛 | Q370: 规则生成 | R370: SRC-CHN-FIC

Sheet 规则与说明
A1: 俱乐部参数规则与说明
A2: 六档平台只规定范围；最终值由联赛环境、俱乐部特征和人工复核共同决定。
A5: 平台档 | B5: 教练基础 | C5: 设施基准 | D5: 青训基准 | E5: 工资基准 | F5: 曝光基准 | G5: 一线队门槛 | H5: 年轻球员倾向
A6: 1 | B6: 94 | C6: 95 | D6: 90 | E6: 94 | F6: 95 | G6: 86 | H6: 62
A7: 2 | B7: 87 | C7: 88 | D7: 86 | E7: 80 | F7: 84 | G7: 80 | H7: 70
A8: 3 | B8: 79 | C8: 81 | D8: 79 | E8: 70 | F8: 77 | G8: 76 | H8: 70
A9: 4 | B9: 70 | C9: 73 | D9: 70 | E9: 58 | F9: 66 | G9: 69 | H9: 73
A10: 5 | B10: 60 | C10: 63 | D10: 62 | E10: 48 | F10: 54 | G10: 63 | H10: 77
A11: 6 | B11: 50 | C11: 52 | D11: 50 | E11: 34 | F11: 38 | G11: 56 | H11: 84
A14: 参数 | B14: 最低 | C14: 最高 | D14: 参数 | E14: 最低 | F14: 最高 | G14: 说明
A15: T1设施 | B15: 91 | C15: 98 | D15: T1青训 | E15: 82 | F15: 98 | G15: 相邻档允许合理重叠
A16: T2设施 | B16: 84 | C16: 94 | D16: T2青训 | E16: 72 | F16: 98 | G16: 相邻档允许合理重叠
A17: T3设施 | B17: 76 | C17: 90 | D17: T3青训 | E17: 65 | F17: 95 | G17: 相邻档允许合理重叠
A18: T4设施 | B18: 68 | C18: 86 | D18: T4青训 | E18: 58 | F18: 90 | G18: 相邻档允许合理重叠
A19: T5设施 | B19: 58 | C19: 78 | D19: T5青训 | E19: 52 | F19: 86 | G19: 相邻档允许合理重叠
A20: T6设施 | B20: 48 | C20: 67 | D20: T6青训 | E20: 45 | F20: 76 | G20: 相邻档允许合理重叠
A23: 正式比赛分钟 | B23: 基础加成 | C23: 联赛类型 | D23: 经验强度
A24: 0 | B24: 0 | C24: 五大联赛顶级 | D24: 1.15
A25: 1至270 | B25: 0.03 | C25: 荷兰／葡萄牙及同级欧洲顶级 | D25: 1.08
A26: 271至630 | B26: 0.1 | C26: 五大联赛次级／巴西／阿根廷 | D26: 1
A27: 631至990 | B27: 0.22 | C27: 中国／日本／韩国顶级 | D27: 0.92
A28: 991以上 | B28: 0.28 | C28: 中国次级及其他低级别 | D28: 0.85
A31: 公式/边界 | B31: 内容
A32: 青年队质量 | B32: 设施×35%＋青训×45%＋教练基础×20%
A33: 一线队质量 | B33: 设施×45%＋青训×10%＋教练基础×45%
A34: 环境倍率 | B34: 0.52＋（训练质量÷100）³×1.05；最终发展倍率仍限制在0.65至1.55

Sheet 联赛汇总
A1: 联赛参数汇总
A2: 用于检查联赛间的工资、曝光、青训和门槛梯度；平均值由参数总表实时计算。
A4: 联赛 | B4: 国家/地区 | C4: 球队数 | D4: 平均平台 | E4: 平均设施 | F4: 平均青训 | G4: 平均工资 | H4: 平均曝光 | I4: 平均门槛 | J4: 平均年轻倾向
A5: Premier League（20） | B5: 英格兰 | C5: =COUNTIF(参数总表!$D$5:$D$370,A5) -> 20 | D5: =ROUND(AVERAGEIF(参数总表!$D$5:$D$370,A5,参数总表!$G$5:$G$370),1) -> 2.6 | E5: =ROUND(AVERAGEIF(参数总表!$D$5:$D$370,A5,参数总表!$H$5:$H$370),1) -> 86.7 | F5: =ROUND(AVERAGEIF(参数总表!$D$5:$D$370,A5,参数总表!$I$5:$I$370),1) -> 82.6 | G5: =ROUND(AVERAGEIF(参数总表!$D$5:$D$370,A5,参数总表!$J$5:$J$370),1) -> 82.9 | H5: =ROUND(AVERAGEIF(参数总表!$D$5:$D$370,A5,参数总表!$K$5:$K$370),1) -> 86.6 | I5: =ROUND(AVERAGEIF(参数总表!$D$5:$D$370,A5,参数总表!$L$5:$L$370),1) -> 79.1 | J5: =ROUND(AVERAGEIF(参数总表!$D$5:$D$370,A5,参数总表!$M$5:$M$370),1) -> 73
A6: EFL Championship（24） | B6: 英格兰 | C6: =COUNTIF(参数总表!$D$5:$D$370,A6) -> 24 | D6: =ROUND(AVERAGEIF(参数总表!$D$5:$D$370,A6,参数总表!$G$5:$G$370),1) -> 4.8 | E6: =ROUND(AVERAGEIF(参数总表!$D$5:$D$370,A6,参数总表!$H$5:$H$370),1) -> 68.3 | F6: =ROUND(AVERAGEIF(参数总表!$D$5:$D$370,A6,参数总表!$I$5:$I$370),1) -> 64.8 | G6: =ROUND(AVERAGEIF(参数总表!$D$5:$D$370,A6,参数总表!$J$5:$J$370),1) -> 58.3 | H6: =ROUND(AVERAGEIF(参数总表!$D$5:$D$370,A6,参数总表!$K$5:$K$370),1) -> 61.7 | I6: =ROUND(AVERAGEIF(参数总表!$D$5:$D$370,A6,参数总表!$L$5:$L$370),1) -> 66 | J6: =ROUND(AVERAGEIF(参数总表!$D$5:$D$370,A6,参数总表!$M$5:$M$370),1) -> 73.9
A7: LaLiga EA Sports（20） | B7: 西班牙 | C7: =COUNTIF(参数总表!$D$5:$D$370,A7) -> 20 | D7: =ROUND(AVERAGEIF(参数总表!$D$5:$D$370,A7,参数总表!$G$5:$G$370),1) -> 3 | E7: =ROUND(AVERAGEIF(参数总表!$D$5:$D$370,A7,参数总表!$H$5:$H$370),1) -> 82.1 | F7: =ROUND(AVERAGEIF(参数总表!$D$5:$D$370,A7,参数总表!$I$5:$I$370),1) -> 81.8 | G7: =ROUND(AVERAGEIF(参数总表!$D$5:$D$370,A7,参数总表!$J$5:$J$370),1) -> 73.4 | H7: =ROUND(AVERAGEIF(参数总表!$D$5:$D$370,A7,参数总表!$K$5:$K$370),1) -> 80.5 | I7: =ROUND(AVERAGEIF(参数总表!$D$5:$D$370,A7,参数总表!$L$5:$L$370),1) -> 76.6 | J7: =ROUND(AVERAGEIF(参数总表!$D$5:$D$370,A7,参数总表!$M$5:$M$370),1) -> 77
A8: LaLiga Hypermotion（22） | B8: 西班牙 | C8: =COUNTIF(参数总表!$D$5:$D$370,A8) -> 22 | D8: =ROUND(AVERAGEIF(参数总表!$D$5:$D$370,A8,参数总表!$G$5:$G$370),1) -> 5 | E8: =ROUND(AVERAGEIF(参数总表!$D$5:$D$370,A8,参数总表!$H$5:$H$370),1) -> 63.4 | F8: =ROUND(AVERAGEIF(参数总表!$D$5:$D$370,A8,参数总表!$I$5:$I$370),1) -> 64.3 | G8: =ROUND(AVERAGEIF(参数总表!$D$5:$D$370,A8,参数总表!$J$5:$J$370),1) -> 47 | H8: =ROUND(AVERAGEIF(参数总表!$D$5:$D$370,A8,参数总表!$K$5:$K$370),1) -> 54.5 | I8: =ROUND(AVERAGEIF(参数总表!$D$5:$D$370,A8,参数总表!$L$5:$L$370),1) -> 63.6 | J8: =ROUND(AVERAGEIF(参数总表!$D$5:$D$370,A8,参数总表!$M$5:$M$370),1) -> 81.8
A9: Serie A（20） | B9: 意大利 | C9: =COUNTIF(参数总表!$D$5:$D$370,A9) -> 20 | D9: =ROUND(AVERAGEIF(参数总表!$D$5:$D$370,A9,参数总表!$G$5:$G$370),1) -> 3 | E9: =ROUND(AVERAGEIF(参数总表!$D$5:$D$370,A9,参数总表!$H$5:$H$370),1) -> 82.8 | F9: =ROUND(AVERAGEIF(参数总表!$D$5:$D$370,A9,参数总表!$I$5:$I$370),1) -> 78.3 | G9: =ROUND(AVERAGEIF(参数总表!$D$5:$D$370,A9,参数总表!$J$5:$J$370),1) -> 71.9 | H9: =ROUND(AVERAGEIF(参数总表!$D$5:$D$370,A9,参数总表!$K$5:$K$370),1) -> 78.9 | I9: =ROUND(AVERAGEIF(参数总表!$D$5:$D$370,A9,参数总表!$L$5:$L$370),1) -> 76 | J9: =ROUND(AVERAGEIF(参数总表!$D$5:$D$370,A9,参数总表!$M$5:$M$370),1) -> 71.6
A10: Serie B（20） | B10: 意大利 | C10: =COUNTIF(参数总表!$D$5:$D$370,A10) -> 20 | D10: =ROUND(AVERAGEIF(参数总表!$D$5:$D$370,A10,参数总表!$G$5:$G$370),1) -> 5 | E10: =ROUND(AVERAGEIF(参数总表!$D$5:$D$370,A10,参数总表!$H$5:$H$370),1) -> 62.7 | F10: =ROUND(AVERAGEIF(参数总表!$D$5:$D$370,A10,参数总表!$I$5:$I$370),1) -> 61.7 | G10: =ROUND(AVERAGEIF(参数总表!$D$5:$D$370,A10,参数总表!$J$5:$J$370),1) -> 47.1 | H10: =ROUND(AVERAGEIF(参数总表!$D$5:$D$370,A10,参数总表!$K$5:$K$370),1) -> 53.5 | I10: =ROUND(AVERAGEIF(参数总表!$D$5:$D$370,A10,参数总表!$L$5:$L$370),1) -> 63 | J10: =ROUND(AVERAGEIF(参数总表!$D$5:$D$370,A10,参数总表!$M$5:$M$370),1) -> 77.7
A11: Bundesliga（18） | B11: 德国 | C11: =COUNTIF(参数总表!$D$5:$D$370,A11) -> 18 | D11: =ROUND(AVERAGEIF(参数总表!$D$5:$D$370,A11,参数总表!$G$5:$G$370),1) -> 3.2 | E11: =ROUND(AVERAGEIF(参数总表!$D$5:$D$370,A11,参数总表!$H$5:$H$370),1) -> 81.3 | F11: =ROUND(AVERAGEIF(参数总表!$D$5:$D$370,A11,参数总表!$I$5:$I$370),1) -> 81 | G11: =ROUND(AVERAGEIF(参数总表!$D$5:$D$370,A11,参数总表!$J$5:$J$370),1) -> 70.6 | H11: =ROUND(AVERAGEIF(参数总表!$D$5:$D$370,A11,参数总表!$K$5:$K$370),1) -> 77.8 | I11: =ROUND(AVERAGEIF(参数总表!$D$5:$D$370,A11,参数总表!$L$5:$L$370),1) -> 75.4 | J11: =ROUND(AVERAGEIF(参数总表!$D$5:$D$370,A11,参数总表!$M$5:$M$370),1) -> 80.3
A12: 2. Bundesliga（18） | B12: 德国 | C12: =COUNTIF(参数总表!$D$5:$D$370,A12) -> 18 | D12: =ROUND(AVERAGEIF(参数总表!$D$5:$D$370,A12,参数总表!$G$5:$G$370),1) -> 4.9 | E12: =ROUND(AVERAGEIF(参数总表!$D$5:$D$370,A12,参数总表!$H$5:$H$370),1) -> 64.9 | F12: =ROUND(AVERAGEIF(参数总表!$D$5:$D$370,A12,参数总表!$I$5:$I$370),1) -> 65.3 | G12: =ROUND(AVERAGEIF(参数总表!$D$5:$D$370,A12,参数总表!$J$5:$J$370),1) -> 48.7 | H12: =ROUND(AVERAGEIF(参数总表!$D$5:$D$370,A12,参数总表!$K$5:$K$370),1) -> 53.9 | I12: =ROUND(AVERAGEIF(参数总表!$D$5:$D$370,A12,参数总表!$L$5:$L$370),1) -> 63.9 | J12: =ROUND(AVERAGEIF(参数总表!$D$5:$D$370,A12,参数总表!$M$5:$M$370),1) -> 81.4
A13: Ligue 1（18） | B13: 法国 | C13: =COUNTIF(参数总表!$D$5:$D$370,A13) -> 18 | D13: =ROUND(AVERAGEIF(参数总表!$D$5:$D$370,A13,参数总表!$G$5:$G$370),1) -> 3.2 | E13: =ROUND(AVERAGEIF(参数总表!$D$5:$D$370,A13,参数总表!$H$5:$H$370),1) -> 80.3 | F13: =ROUND(AVERAGEIF(参数总表!$D$5:$D$370,A13,参数总表!$I$5:$I$370),1) -> 81.4 | G13: =ROUND(AVERAGEIF(参数总表!$D$5:$D$370,A13,参数总表!$J$5:$J$370),1) -> 70.1 | H13: =ROUND(AVERAGEIF(参数总表!$D$5:$D$370,A13,参数总表!$K$5:$K$370),1) -> 77.1 | I13: =ROUND(AVERAGEIF(参数总表!$D$5:$D$370,A13,参数总表!$L$5:$L$370),1) -> 73.8 | J13: =ROUND(AVERAGEIF(参数总表!$D$5:$D$370,A13,参数总表!$M$5:$M$370),1) -> 78.9
A14: Ligue 2（18） | B14: 法国 | C14: =COUNTIF(参数总表!$D$5:$D$370,A14) -> 18 | D14: =ROUND(AVERAGEIF(参数总表!$D$5:$D$370,A14,参数总表!$G$5:$G$370),1) -> 4.8 | E14: =ROUND(AVERAGEIF(参数总表!$D$5:$D$370,A14,参数总表!$H$5:$H$370),1) -> 65 | F14: =ROUND(AVERAGEIF(参数总表!$D$5:$D$370,A14,参数总表!$I$5:$I$370),1) -> 66.3 | G14: =ROUND(AVERAGEIF(参数总表!$D$5:$D$370,A14,参数总表!$J$5:$J$370),1) -> 49.2 | H14: =ROUND(AVERAGEIF(参数总表!$D$5:$D$370,A14,参数总表!$K$5:$K$370),1) -> 54.2 | I14: =ROUND(AVERAGEIF(参数总表!$D$5:$D$370,A14,参数总表!$L$5:$L$370),1) -> 63.7 | J14: =ROUND(AVERAGEIF(参数总表!$D$5:$D$370,A14,参数总表!$M$5:$M$370),1) -> 82.4
A15: Eredivisie（18） | B15: 荷兰 | C15: =COUNTIF(参数总表!$D$5:$D$370,A15) -> 18 | D15: =ROUND(AVERAGEIF(参数总表!$D$5:$D$370,A15,参数总表!$G$5:$G$370),1) -> 4.1 | E15: =ROUND(AVERAGEIF(参数总表!$D$5:$D$370,A15,参数总表!$H$5:$H$370),1) -> 72.7 | F15: =ROUND(AVERAGEIF(参数总表!$D$5:$D$370,A15,参数总表!$I$5:$I$370),1) -> 75.8 | G15: =ROUND(AVERAGEIF(参数总表!$D$5:$D$370,A15,参数总表!$J$5:$J$370),1) -> 52.5 | H15: =ROUND(AVERAGEIF(参数总表!$D$5:$D$370,A15,参数总表!$K$5:$K$370),1) -> 64.1 | I15: =ROUND(AVERAGEIF(参数总表!$D$5:$D$370,A15,参数总表!$L$5:$L$370),1) -> 67.6 | J15: =ROUND(AVERAGEIF(参数总表!$D$5:$D$370,A15,参数总表!$M$5:$M$370),1) -> 87
A16: Liga Portugal（18） | B16: 葡萄牙 | C16: =COUNTIF(参数总表!$D$5:$D$370,A16) -> 18 | D16: =ROUND(AVERAGEIF(参数总表!$D$5:$D$370,A16,参数总表!$G$5:$G$370),1) -> 4.2 | E16: =ROUND(AVERAGEIF(参数总表!$D$5:$D$370,A16,参数总表!$H$5:$H$370),1) -> 69.7 | F16: =ROUND(AVERAGEIF(参数总表!$D$5:$D$370,A16,参数总表!$I$5:$I$370),1) -> 75.5 | G16: =ROUND(AVERAGEIF(参数总表!$D$5:$D$370,A16,参数总表!$J$5:$J$370),1) -> 51.2 | H16: =ROUND(AVERAGEIF(参数总表!$D$5:$D$370,A16,参数总表!$K$5:$K$370),1) -> 63.1 | I16: =ROUND(AVERAGEIF(参数总表!$D$5:$D$370,A16,参数总表!$L$5:$L$370),1) -> 66.9 | J16: =ROUND(AVERAGEIF(参数总表!$D$5:$D$370,A16,参数总表!$M$5:$M$370),1) -> 85.7
... A23: 中国次级联赛（16） | B23: 中国 | C23: =COUNTIF(参数总表!$D$5:$D$370,A23) -> 16 | D23: =ROUND(AVERAGEIF(参数总表!$D$5:$D$370,A23,参数总表!$G$5:$G$370),1) -> 6 | E23: =ROUND(AVERAGEIF(参数总表!$D$5:$D$370,A23,参数总表!$H$5:$H$370),1) -> 52.5 | F23: =ROUND(AVERAGEIF(参数总表!$D$5:$D$370,A23,参数总表!$I$5:$I$370),1) -> 49.4 | G23: =ROUND(AVERAGEIF(参数总表!$D$5:$D$370,A23,参数总表!$J$5:$J$370),1) -> 34.4 | H23: =ROUND(AVERAGEIF(参数总表!$D$5:$D$370,A23,参数总表!$K$5:$K$370),1) -> 35.4 | I23: =ROUND(AVERAGEIF(参数总表!$D$5:$D$370,A23,参数总表!$L$5:$L$370),1) -> 56.4 | J23: =ROUND(AVERAGEIF(参数总表!$D$5:$D$370,A23,参数总表!$M$5:$M$370),1) -> 88.9

Sheet 样板验收
A1: 12家样板复核与关键关系
A2: 数值必须与已确认试算表一致；“通过”表示参数关系满足，并不代表代码已经实现。
A4: 俱乐部 | B4: 平台 | C4: 设施 | D4: 青训 | E4: 工资 | F4: 曝光 | G4: 门槛 | H4: 年轻倾向 | I4: 青年质量 | J4: 一线质量 | K4: 来源行 | L4: 参数一致 | M4: 备注
A5: 国际米兰 | B5: =VLOOKUP("Inter",参数总表!$F$5:$O$370,2,FALSE) -> 1 | C5: =VLOOKUP("Inter",参数总表!$F$5:$O$370,3,FALSE) -> 99 | D5: =VLOOKUP("Inter",参数总表!$F$5:$O$370,4,FALSE) -> 95 | E5: =VLOOKUP("Inter",参数总表!$F$5:$O$370,5,FALSE) -> 95 | F5: =VLOOKUP("Inter",参数总表!$F$5:$O$370,6,FALSE) -> 98 | G5: =VLOOKUP("Inter",参数总表!$F$5:$O$370,7,FALSE) -> 86 | H5: =VLOOKUP("Inter",参数总表!$F$5:$O$370,8,FALSE) -> 70 | I5: =VLOOKUP("Inter",参数总表!$F$5:$O$370,9,FALSE) -> 97 | J5: =VLOOKUP("Inter",参数总表!$F$5:$O$370,10,FALSE) -> 98 | K5: =MATCH("Inter",参数总表!$F$5:$F$370,0)+4 -> 91 | L5: =IF(AND(B5=1,C5=95,D5=89,E5=95,F5=96,G5=86,H5=58),"通过","不一致") -> 不一致 | M5: 人工锁定样板
A6: Como | B6: =VLOOKUP("Como",参数总表!$F$5:$O$370,2,FALSE) -> 2 | C6: =VLOOKUP("Como",参数总表!$F$5:$O$370,3,FALSE) -> 88 | D6: =VLOOKUP("Como",参数总表!$F$5:$O$370,4,FALSE) -> 76 | E6: =VLOOKUP("Como",参数总表!$F$5:$O$370,5,FALSE) -> 78 | F6: =VLOOKUP("Como",参数总表!$F$5:$O$370,6,FALSE) -> 82 | G6: =VLOOKUP("Como",参数总表!$F$5:$O$370,7,FALSE) -> 80 | H6: =VLOOKUP("Como",参数总表!$F$5:$O$370,8,FALSE) -> 80 | I6: =VLOOKUP("Como",参数总表!$F$5:$O$370,9,FALSE) -> 82.4 | J6: =VLOOKUP("Como",参数总表!$F$5:$O$370,10,FALSE) -> 86.4 | K6: =MATCH("Como",参数总表!$F$5:$F$370,0)+4 -> 97 | L6: =IF(AND(B6=2,C6=88,D6=76,E6=78,F6=82,G6=80,H6=62),"通过","不一致") -> 不一致 | M6: 人工锁定样板
A7: Bologna | B7: =VLOOKUP("Bologna",参数总表!$F$5:$O$370,2,FALSE) -> 3 | C7: =VLOOKUP("Bologna",参数总表!$F$5:$O$370,3,FALSE) -> 82 | D7: =VLOOKUP("Bologna",参数总表!$F$5:$O$370,4,FALSE) -> 78 | E7: =VLOOKUP("Bologna",参数总表!$F$5:$O$370,5,FALSE) -> 72 | F7: =VLOOKUP("Bologna",参数总表!$F$5:$O$370,6,FALSE) -> 78 | G7: =VLOOKUP("Bologna",参数总表!$F$5:$O$370,7,FALSE) -> 76 | H7: =VLOOKUP("Bologna",参数总表!$F$5:$O$370,8,FALSE) -> 65 | I7: =VLOOKUP("Bologna",参数总表!$F$5:$O$370,9,FALSE) -> 79.6 | J7: =VLOOKUP("Bologna",参数总表!$F$5:$O$370,10,FALSE) -> 80.3 | K7: =MATCH("Bologna",参数总表!$F$5:$F$370,0)+4 -> 98 | L7: =IF(AND(B7=3,C7=82,D7=78,E7=72,F7=78,G7=76,H7=65),"通过","不一致") -> 通过 | M7: 人工锁定样板
A8: Venezia | B8: =VLOOKUP("Venezia",参数总表!$F$5:$O$370,2,FALSE) -> 4 | C8: =VLOOKUP("Venezia",参数总表!$F$5:$O$370,3,FALSE) -> 72 | D8: =VLOOKUP("Venezia",参数总表!$F$5:$O$370,4,FALSE) -> 71 | E8: =VLOOKUP("Venezia",参数总表!$F$5:$O$370,5,FALSE) -> 57 | F8: =VLOOKUP("Venezia",参数总表!$F$5:$O$370,6,FALSE) -> 65 | G8: =VLOOKUP("Venezia",参数总表!$F$5:$O$370,7,FALSE) -> 69 | H8: =VLOOKUP("Venezia",参数总表!$F$5:$O$370,8,FALSE) -> 74 | I8: =VLOOKUP("Venezia",参数总表!$F$5:$O$370,9,FALSE) -> 71.2 | J8: =VLOOKUP("Venezia",参数总表!$F$5:$O$370,10,FALSE) -> 71 | K8: =MATCH("Venezia",参数总表!$F$5:$F$370,0)+4 -> 110 | L8: =IF(AND(B8=4,C8=72,D8=71,E8=57,F8=65,G8=69,H8=74),"通过","不一致") -> 通过 | M8: 人工锁定样板
A9: Ajax | B9: =VLOOKUP("Ajax",参数总表!$F$5:$O$370,2,FALSE) -> 2 | C9: =VLOOKUP("Ajax",参数总表!$F$5:$O$370,3,FALSE) -> 90 | D9: =VLOOKUP("Ajax",参数总表!$F$5:$O$370,4,FALSE) -> 96 | E9: =VLOOKUP("Ajax",参数总表!$F$5:$O$370,5,FALSE) -> 68 | F9: =VLOOKUP("Ajax",参数总表!$F$5:$O$370,6,FALSE) -> 82 | G9: =VLOOKUP("Ajax",参数总表!$F$5:$O$370,7,FALSE) -> 78 | H9: =VLOOKUP("Ajax",参数总表!$F$5:$O$370,8,FALSE) -> 95 | I9: =VLOOKUP("Ajax",参数总表!$F$5:$O$370,9,FALSE) -> 92.1 | J9: =VLOOKUP("Ajax",参数总表!$F$5:$O$370,10,FALSE) -> 89.3 | K9: =MATCH("Ajax",参数总表!$F$5:$F$370,0)+4 -> 203 | L9: =IF(AND(B9=2,C9=90,D9=96,E9=68,F9=82,G9=78,H9=95),"通过","不一致") -> 通过 | M9: 人工锁定样板
A10: Brighton & Hove Albion | B10: =VLOOKUP("Brighton & Hove Albion",参数总表!$F$5:$O$370,2,FALSE) -> 3 | C10: =VLOOKUP("Brighton & Hove Albion",参数总表!$F$5:$O$370,3,FALSE) -> 86 | D10: =VLOOKUP("Brighton & Hove Albion",参数总表!$F$5:$O$370,4,FALSE) -> 86 | E10: =VLOOKUP("Brighton & Hove Albion",参数总表!$F$5:$O$370,5,FALSE) -> 88 | F10: =VLOOKUP("Brighton & Hove Albion",参数总表!$F$5:$O$370,6,FALSE) -> 91 | G10: =VLOOKUP("Brighton & Hove Albion",参数总表!$F$5:$O$370,7,FALSE) -> 77 | H10: =VLOOKUP("Brighton & Hove Albion",参数总表!$F$5:$O$370,8,FALSE) -> 84 | I10: =VLOOKUP("Brighton & Hove Albion",参数总表!$F$5:$O$370,9,FALSE) -> 84.6 | J10: =VLOOKUP("Brighton & Hove Albion",参数总表!$F$5:$O$370,10,FALSE) -> 82.9 | K10: =MATCH("Brighton & Hove Albion",参数总表!$F$5:$F$370,0)+4 -> 15 | L10: =IF(AND(B10=3,C10=86,D10=86,E10=88,F10=91,G10=77,H10=84),"通过","不一致") -> 通过 | M10: 人工锁定样板
A11: West Ham United | B11: =VLOOKUP("West Ham United",参数总表!$F$5:$O$370,2,FALSE) -> 4 | C11: =VLOOKUP("West Ham United",参数总表!$F$5:$O$370,3,FALSE) -> 86 | D11: =VLOOKUP("West Ham United",参数总表!$F$5:$O$370,4,FALSE) -> 78 | E11: =VLOOKUP("West Ham United",参数总表!$F$5:$O$370,5,FALSE) -> 84 | F11: =VLOOKUP("West Ham United",参数总表!$F$5:$O$370,6,FALSE) -> 88 | G11: =VLOOKUP("West Ham United",参数总表!$F$5:$O$370,7,FALSE) -> 74 | H11: =VLOOKUP("West Ham United",参数总表!$F$5:$O$370,8,FALSE) -> 62 | I11: =VLOOKUP("West Ham United",参数总表!$F$5:$O$370,9,FALSE) -> 79.2 | J11: =VLOOKUP("West Ham United",参数总表!$F$5:$O$370,10,FALSE) -> 78 | K11: =MATCH("West Ham United",参数总表!$F$5:$F$370,0)+4 -> 29 | L11: =IF(AND(B11=4,C11=86,D11=78,E11=84,F11=88,G11=74,H11=62),"通过","不一致") -> 通过 | M11: 人工锁定样板
A12: 浦和红钻 | B12: =VLOOKUP("Urawa Red Diamonds",参数总表!$F$5:$O$370,2,FALSE) -> 4 | C12: =VLOOKUP("Urawa Red Diamonds",参数总表!$F$5:$O$370,3,FALSE) -> 76 | D12: =VLOOKUP("Urawa Red Diamonds",参数总表!$F$5:$O$370,4,FALSE) -> 72 | E12: =VLOOKUP("Urawa Red Diamonds",参数总表!$F$5:$O$370,5,FALSE) -> 58 | F12: =VLOOKUP("Urawa Red Diamonds",参数总表!$F$5:$O$370,6,FALSE) -> 67 | G12: =VLOOKUP("Urawa Red Diamonds",参数总表!$F$5:$O$370,7,FALSE) -> 70 | H12: =VLOOKUP("Urawa Red Diamonds",参数总表!$F$5:$O$370,8,FALSE) -> 72 | I12: =VLOOKUP("Urawa Red Diamonds",参数总表!$F$5:$O$370,9,FALSE) -> 73 | J12: =VLOOKUP("Urawa Red Diamonds",参数总表!$F$5:$O$370,10,FALSE) -> 72.9 | K12: =MATCH("Urawa Red Diamonds",参数总表!$F$5:$F$370,0)+4 -> 264 | L12: =IF(AND(B12=4,C12=76,D12=72,E12=58,F12=67,G12=70,H12=72),"通过","不一致") -> 通过 | M12: 人工锁定样板
A13: River Plate | B13: =VLOOKUP("River Plate",参数总表!$F$5:$O$370,2,FALSE) -> 2 | C13: =VLOOKUP("River Plate",参数总表!$F$5:$O$370,3,FALSE) -> 85 | D13: =VLOOKUP("River Plate",参数总表!$F$5:$O$370,4,FALSE) -> 94 | E13: =VLOOKUP("River Plate",参数总表!$F$5:$O$370,5,FALSE) -> 62 | F13: =VLOOKUP("River Plate",参数总表!$F$5:$O$370,6,FALSE) -> 83 | G13: =VLOOKUP("River Plate",参数总表!$F$5:$O$370,7,FALSE) -> 78 | H13: =VLOOKUP("River Plate",参数总表!$F$5:$O$370,8,FALSE) -> 92 | I13: =VLOOKUP("River Plate",参数总表!$F$5:$O$370,9,FALSE) -> 89.5 | J13: =VLOOKUP("River Plate",参数总表!$F$5:$O$370,10,FALSE) -> 86.8 | K13: =MATCH("River Plate",参数总表!$F$5:$F$370,0)+4 -> 310 | L13: =IF(AND(B13=2,C13=85,D13=94,E13=62,F13=83,G13=78,H13=92),"通过","不一致") -> 通过 | M13: 人工锁定样板
A14: 上海东港 | B14: =VLOOKUP("上海东港",参数总表!$F$5:$O$370,2,FALSE) -> 4 | C14: =VLOOKUP("上海东港",参数总表!$F$5:$O$370,3,FALSE) -> 74 | D14: =VLOOKUP("上海东港",参数总表!$F$5:$O$370,4,FALSE) -> 70 | E14: =VLOOKUP("上海东港",参数总表!$F$5:$O$370,5,FALSE) -> 70 | F14: =VLOOKUP("上海东港",参数总表!$F$5:$O$370,6,FALSE) -> 72 | G14: =VLOOKUP("上海东港",参数总表!$F$5:$O$370,7,FALSE) -> 70 | H14: =VLOOKUP("上海东港",参数总表!$F$5:$O$370,8,FALSE) -> 66 | I14: =VLOOKUP("上海东港",参数总表!$F$5:$O$370,9,FALSE) -> 71.4 | J14: =VLOOKUP("上海东港",参数总表!$F$5:$O$370,10,FALSE) -> 71.8 | K14: =MATCH("上海东港",参数总表!$F$5:$F$370,0)+4 -> 339 | L14: =IF(AND(B14=4,C14=74,D14=70,E14=70,F14=72,G14=70,H14=66),"通过","不一致") -> 通过 | M14: 人工锁定样板
A15: 武汉江城 | B15: =VLOOKUP("武汉江城",参数总表!$F$5:$O$370,2,FALSE) -> 4 | C15: =VLOOKUP("武汉江城",参数总表!$F$5:$O$370,3,FALSE) -> 65 | D15: =VLOOKUP("武汉江城",参数总表!$F$5:$O$370,4,FALSE) -> 63 | E15: =VLOOKUP("武汉江城",参数总表!$F$5:$O$370,5,FALSE) -> 54 | F15: =VLOOKUP("武汉江城",参数总表!$F$5:$O$370,6,FALSE) -> 56 | G15: =VLOOKUP("武汉江城",参数总表!$F$5:$O$370,7,FALSE) -> 63 | H15: =VLOOKUP("武汉江城",参数总表!$F$5:$O$370,8,FALSE) -> 78 | I15: =VLOOKUP("武汉江城",参数总表!$F$5:$O$370,9,FALSE) -> 65.1 | J15: =VLOOKUP("武汉江城",参数总表!$F$5:$O$370,10,FALSE) -> 67.1 | K15: =MATCH("武汉江城",参数总表!$F$5:$F$370,0)+4 -> 343 | L15: =IF(AND(B15=4,C15=65,D15=63,E15=54,F15=56,G15=63,H15=78),"通过","不一致") -> 通过 | M15: 人工锁定样板
A16: 广西联城 | B16: =VLOOKUP("广西联城",参数总表!$F$5:$O$370,2,FALSE) -> 6 | C16: =VLOOKUP("广西联城",参数总表!$F$5:$O$370,3,FALSE) -> 52 | D16: =VLOOKUP("广西联城",参数总表!$F$5:$O$370,4,FALSE) -> 49 | E16: =VLOOKUP("广西联城",参数总表!$F$5:$O$370,5,FALSE) -> 33 | F16: =VLOOKUP("广西联城",参数总表!$F$5:$O$370,6,FALSE) -> 32 | G16: =VLOOKUP("广西联城",参数总表!$F$5:$O$370,7,FALSE) -> 56 | H16: =VLOOKUP("广西联城",参数总表!$F$5:$O$370,8,FALSE) -> 88 | I16: =VLOOKUP("广西联城",参数总表!$F$5:$O$370,9,FALSE) -> 50.3 | J16: =VLOOKUP("广西联城",参数总表!$F$5:$O$370,10,FALSE) -> 50.8 | K16: =MATCH("广西联城",参数总表!$F$5:$F$370,0)+4 -> 355 | L16: =IF(AND(B16=6,C16=52,D16=49,E16=33,F16=32,G16=56,H16=88),"通过","不一致") -> 通过 | M16: 人工锁定样板
A20: 关键关系 | B20: 左侧值 | C20: 右侧值 | D20: 结果
A21: 国际米兰青训 > 上海东港青训 | B21: =VLOOKUP("国际米兰",$A$5:$J$16,9,FALSE) -> 97 | C21: =VLOOKUP("上海东港",$A$5:$J$16,9,FALSE) -> 71.4 | D21: =IF(B21>C21,"通过","未通过") -> 通过
A22: 上海东港青训 > 广西联城青训 | B22: =VLOOKUP("上海东港",$A$5:$J$16,9,FALSE) -> 71.4 | C22: =VLOOKUP("广西联城",$A$5:$J$16,9,FALSE) -> 50.3 | D22: =IF(B22>C22,"通过","未通过") -> 通过
A23: Ajax青训 > Brighton青训 | B23: =VLOOKUP("Ajax",$A$5:$J$16,4,FALSE) -> 96 | C23: =VLOOKUP("Brighton & Hove Albion",$A$5:$J$16,4,FALSE) -> 86 | D23: =IF(B23>C23,"通过","未通过") -> 通过
A24: Brighton工资 > Ajax工资 | B24: =VLOOKUP("Brighton & Hove Albion",$A$5:$J$16,5,FALSE) -> 88 | C24: =VLOOKUP("Ajax",$A$5:$J$16,5,FALSE) -> 68 | D24: =IF(B24>C24,"通过","未通过") -> 通过
A25: 国际米兰门槛 > Ajax门槛 | B25: =VLOOKUP("国际米兰",$A$5:$J$16,7,FALSE) -> 86 | C25: =VLOOKUP("Ajax",$A$5:$J$16,7,FALSE) -> 78 | D25: =IF(B25>C25,"通过","未通过") -> 通过

Sheet 数据来源
A1: 俱乐部名单数据来源
A2: 档位和六项参数属于游戏平衡判断；URL只证明参赛名单口径，不代表官方评级。
A4: 来源ID | B4: 国家/地区 | C4: 联赛 | D4: 来源URL或说明
A5: SRC-ENG-PL | B5: 英格兰 | C5: Premier League | D5: https://www.premierleague.com/en/news/4673099/the-202627-premier-league-season-officially-starts/
A6: SRC-ENG-EFL | B6: 英格兰 | C6: EFL Championship | D6: https://www.efl.com/embeds/league-table/
A7: SRC-ESP-L1 | B7: 西班牙 | C7: LaLiga EA Sports | D7: https://www.laliga.com/en-US/laliga-easports/clubs
A8: SRC-ESP-L2 | B8: 西班牙 | C8: LaLiga Hypermotion | D8: https://www.laliga.com/en-GB/laliga-hypermotion/clubs
A9: SRC-ITA-A | B9: 意大利 | C9: Serie A | D9: https://en.legaseriea.it/serie-a/news/looking-forward-to-the-2026-27-serie-a-fixture-list
A10: SRC-ITA-B | B10: 意大利 | C10: Serie B | D10: https://www.legab.it/seriebkt/squadre
A11: SRC-GER-1 | B11: 德国 | C11: Bundesliga | D11: https://www.bundesliga.com/en/bundesliga/clubs
A12: SRC-GER-2 | B12: 德国 | C12: 2. Bundesliga | D12: https://www.bundesliga.com/de/2bundesliga/clubs
A13: SRC-FRA-1 | B13: 法国 | C13: Ligue 1 | D13: https://ligue1.com/fr/articles/l1_article_5284-
A14: SRC-FRA-2 | B14: 法国 | C14: Ligue 2 | D14: https://ligue1.com/fr/articles/l1_article_5281-
A15: SRC-NED | B15: 荷兰 | C15: Eredivisie | D15: https://eredivisie.com/competition/clubs/
... A22: SRC-CHN-FIC | B22: 中国 | C22: 中国虚构联赛 | D22: 项目内部虚构名单；不对应现实俱乐部
